date,day_of_week,weather,festival,pyaare_shop_open,tuntun_shop_open,pyaare_free_offer,total_visitors_dholakpur,visitors_pyaare_shop,visitors_tuntun_shop,sales_tuntun_laddoos,sales_pyaare_shakes,kidnap_rumor
2025-01-01,Wednesday,Cloudy,No,Yes,Yes,Yes,833,300,159,685,1138,No
2025-01-02,Thursday,Cloudy,Yes,Yes,Yes,No,314,150,140,631,1759,No
2025-01-03,Friday,Cloudy,No,Yes,Yes,No,805,76,356,1241,1662,No
2025-01-04,Saturday,Windy,No,Yes,Yes,No,818,421,163,201,1451,No
2025-01-05,Sunday,Sunny,Yes,Yes,Yes,No,491,435,157,572,1557,No
2025-01-06,Monday,Sunny,No,No,Yes,No,409,7,288,1102,1221,No
2025-01-07,Tuesday,Windy,Yes,Yes,Yes,Yes,918,403,348,559,1604,No
2025-01-08,Wednesday,Windy,Yes,Yes,Yes,No,660,309,289,528,1341,No
2025-01-09,Thursday,Rainy,Yes,Yes,Yes,Yes,365,354,345,946,1000,No
2025-01-10,Friday,Windy,Yes,Yes,Yes,No,790,184,293,1158,1074,No
2025-01-11,Saturday,Cloudy,Yes,Yes,Yes,No,619,104,40,576,714,Yes
2025-01-12,Sunday,Windy,Yes,Yes,Yes,Yes,450,14,357,616,1596,No
2025-01-13,Monday,Cloudy,Yes,Yes,No,No,375,384,74,1093,492,No
2025-01-14,Tuesday,Sunny,No,Yes,Yes,No,967,173,274,634,1353,No
2025-01-15,Wednesday,Cloudy,Yes,Yes,Yes,No,675,319,313,1376,1843,No
2025-01-16,Thursday,Sunny,Yes,Yes,Yes,No,502,204,69,840,233,No
2025-01-17,Friday,Rainy,No,Yes,Yes,No,487,170,170,649,1938,No
2025-01-18,Saturday,Rainy,No,Yes,Yes,No,601,329,391,1029,203,No
2025-01-19,Sunday,Windy,Yes,Yes,Yes,Yes,354,482,365,659,579,No
2025-01-20,Monday,Sunny,No,Yes,Yes,No,421,48,333,1438,907,No
2025-01-21,Tuesday,Cloudy,No,Yes,No,No,616,169,212,536,1354,No
2025-01-22,Wednesday,Windy,No,Yes,Yes,Yes,628,16,345,952,1476,No
2025-01-23,Thursday,Rainy,No,Yes,Yes,Yes,413,467,179,1254,959,No
2025-01-24,Friday,Cloudy,Yes,Yes,Yes,No,754,432,340,840,726,No
2025-01-25,Saturday,Cloudy,Yes,Yes,Yes,No,535,379,6,871,1724,No
2025-01-26,Sunday,Rainy,No,Yes,Yes,No,813,229,163,455,397,No
2025-01-27,Monday,Cloudy,Yes,Yes,Yes,No,565,414,351,711,819,No
2025-01-28,Tuesday,Sunny,Yes,Yes,Yes,No,683,67,314,921,175,No
2025-01-29,Wednesday,Sunny,Yes,No,Yes,Yes,606,431,97,745,485,No
2025-01-30,Thursday,Sunny,No,Yes,Yes,No,368,213,98,633,895,No
2025-01-31,Friday,Windy,No,No,Yes,No,494,273,388,641,1049,No
2025-02-01,Saturday,Rainy,No,No,Yes,No,489,45,133,1401,1073,No
2025-02-02,Sunday,Windy,No,Yes,Yes,No,788,391,325,746,1552,No
2025-02-03,Monday,Windy,Yes,Yes,Yes,No,720,65,396,637,1892,No
2025-02-04,Tuesday,Sunny,Yes,Yes,Yes,Yes,881,118,95,1372,1187,No
2025-02-05,Wednesday,Rainy,Yes,Yes,Yes,Yes,948,201,317,703,302,No
2025-02-06,Thursday,Rainy,Yes,Yes,Yes,No,519,104,113,416,456,No
2025-02-07,Friday,Sunny,Yes,Yes,Yes,No,702,247,140,294,971,No
2025-02-08,Saturday,Rainy,No,Yes,Yes,No,946,214,360,1361,39,No
2025-02-09,Sunday,Sunny,Yes,Yes,Yes,No,723,123,337,1365,266,No
2025-02-10,Monday,Sunny,No,Yes,No,Yes,414,48,298,1486,1624,No
2025-02-11,Tuesday,Rainy,Yes,Yes,Yes,No,530,155,289,1031,1106,No
2025-02-12,Wednesday,Sunny,Yes,Yes,Yes,No,369,97,17,1081,687,No
2025-02-13,Thursday,Rainy,Yes,Yes,Yes,No,767,311,6,861,1351,No
2025-02-14,Friday,Windy,No,Yes,Yes,No,618,147,71,1286,104,No
2025-02-15,Saturday,Rainy,No,Yes,Yes,No,451,300,280,552,1164,No
2025-02-16,Sunday,Rainy,No,Yes,Yes,No,692,354,322,1242,456,No
2025-02-17,Monday,Rainy,No,Yes,Yes,No,476,276,177,378,298,No
2025-02-18,Tuesday,Rainy,No,Yes,Yes,Yes,521,78,394,297,1618,No
2025-02-19,Wednesday,Rainy,Yes,Yes,Yes,No,961,478,351,1127,1169,No
2025-02-20,Thursday,Windy,No,Yes,No,No,353,223,318,655,576,No
2025-02-21,Friday,Rainy,No,Yes,Yes,No,302,125,151,289,188,No
2025-02-22,Saturday,Rainy,No,Yes,Yes,No,825,454,121,1007,521,Yes
2025-02-23,Sunday,Rainy,Yes,Yes,Yes,No,344,194,74,1386,303,No
2025-02-24,Monday,Windy,No,Yes,Yes,Yes,964,354,360,1137,203,No
2025-02-25,Tuesday,Rainy,Yes,Yes,Yes,No,642,418,112,503,1724,No
2025-02-26,Wednesday,Rainy,Yes,Yes,Yes,No,702,126,286,684,308,No
2025-02-27,Thursday,Sunny,Yes,Yes,Yes,Yes,891,158,352,1365,1566,No
2025-02-28,Friday,Sunny,No,Yes,Yes,No,993,196,19,1180,1204,No
2025-03-01,Saturday,Windy,No,Yes,Yes,No,383,256,359,574,180,No
2025-03-02,Sunday,Windy,Yes,Yes,Yes,No,556,125,282,1302,798,No
2025-03-03,Monday,Cloudy,No,Yes,Yes,No,486,440,153,1209,584,No
2025-03-04,Tuesday,Cloudy,No,Yes,Yes,Yes,468,363,383,719,1045,No
2025-03-05,Wednesday,Windy,No,Yes,Yes,No,929,207,164,628,94,No
2025-03-06,Thursday,Windy,No,No,Yes,Yes,814,281,262,1084,390,No
2025-03-07,Friday,Windy,No,Yes,Yes,No,565,159,294,544,1973,No
2025-03-08,Saturday,Rainy,Yes,Yes,Yes,No,984,329,8,1135,1891,No
2025-03-09,Sunday,Windy,No,No,Yes,No,505,169,330,357,1589,No
2025-03-10,Monday,Cloudy,No,Yes,Yes,No,960,301,324,339,1923,No
2025-03-11,Tuesday,Rainy,No,Yes,Yes,No,493,272,146,752,19,No
2025-03-12,Wednesday,Cloudy,No,No,Yes,No,823,122,71,850,210,No
2025-03-13,Thursday,Rainy,No,Yes,Yes,No,869,292,145,345,1661,No
2025-03-14,Friday,Cloudy,No,Yes,Yes,No,786,17,197,1134,1647,No
2025-03-15,Saturday,Sunny,No,Yes,Yes,No,874,6,12,1457,192,No
2025-03-16,Sunday,Rainy,Yes,Yes,Yes,No,335,96,18,1385,1075,No
2025-03-17,Monday,Sunny,Yes,Yes,Yes,No,785,426,182,1207,594,No
2025-03-18,Tuesday,Sunny,Yes,Yes,Yes,No,1000,95,289,819,1110,No
2025-03-19,Wednesday,Rainy,No,Yes,Yes,Yes,558,449,184,1424,971,No
2025-03-20,Thursday,Cloudy,No,Yes,Yes,No,515,455,61,698,1117,Yes
2025-03-21,Friday,Cloudy,Yes,Yes,Yes,No,720,102,241,786,585,No
2025-03-22,Saturday,Sunny,No,Yes,No,No,991,450,314,1477,1308,No
2025-03-23,Sunday,Cloudy,Yes,Yes,Yes,Yes,482,311,342,1195,1001,No
2025-03-24,Monday,Windy,No,No,Yes,Yes,356,160,272,1274,1644,No
2025-03-25,Tuesday,Rainy,No,Yes,Yes,No,701,163,39,677,546,No
2025-03-26,Wednesday,Windy,No,Yes,Yes,Yes,722,181,398,503,1338,Yes
2025-03-27,Thursday,Sunny,No,Yes,Yes,No,900,142,213,1258,1447,No
2025-03-28,Friday,Windy,No,Yes,Yes,No,926,376,217,1176,646,No
2025-03-29,Saturday,Cloudy,No,Yes,Yes,Yes,866,202,291,994,1150,No
2025-03-30,Sunday,Rainy,No,Yes,Yes,No,644,132,142,1040,1520,No
2025-03-31,Monday,Cloudy,Yes,Yes,Yes,Yes,548,491,313,320,1641,No
2025-04-01,Tuesday,Rainy,No,Yes,Yes,Yes,418,195,166,253,131,No
2025-04-02,Wednesday,Windy,No,Yes,Yes,No,621,292,232,686,665,No
2025-04-03,Thursday,Windy,No,Yes,Yes,No,909,9,299,231,1475,No
2025-04-04,Friday,Windy,No,Yes,Yes,No,703,425,227,803,146,No
2025-04-05,Saturday,Sunny,Yes,Yes,Yes,Yes,607,4,273,1278,417,No
2025-04-06,Sunday,Sunny,Yes,Yes,Yes,No,885,494,277,677,504,No
2025-04-07,Monday,Sunny,Yes,Yes,Yes,No,684,495,395,1074,632,No
2025-04-08,Tuesday,Rainy,Yes,Yes,Yes,No,705,131,262,1487,1076,No
2025-04-09,Wednesday,Windy,No,No,Yes,No,597,118,375,515,1478,No
2025-04-10,Thursday,Rainy,No,Yes,Yes,No,457,278,117,343,746,No
2025-04-11,Friday,Rainy,No,Yes,Yes,No,632,394,250,389,1624,No
2025-04-12,Saturday,Windy,Yes,No,Yes,No,562,396,40,431,593,No
2025-04-13,Sunday,Cloudy,No,Yes,Yes,No,437,495,216,837,1738,No
2025-04-14,Monday,Windy,Yes,Yes,Yes,Yes,522,157,355,312,713,No
2025-04-15,Tuesday,Windy,Yes,Yes,Yes,Yes,897,57,246,745,1384,No
2025-04-16,Wednesday,Sunny,Yes,Yes,Yes,No,561,449,267,660,1523,No
2025-04-17,Thursday,Cloudy,Yes,Yes,Yes,Yes,962,291,121,1231,218,No
2025-04-18,Friday,Sunny,Yes,Yes,Yes,Yes,592,481,357,1018,1091,No
2025-04-19,Saturday,Rainy,Yes,Yes,Yes,No,770,176,359,461,950,No
2025-04-20,Sunday,Rainy,Yes,Yes,Yes,No,540,46,217,1334,1201,No
2025-04-21,Monday,Sunny,No,Yes,Yes,Yes,553,481,265,1222,989,No
2025-04-22,Tuesday,Cloudy,Yes,Yes,Yes,No,323,2,262,1458,1888,No
2025-04-23,Wednesday,Windy,No,Yes,Yes,No,755,155,365,623,1444,No
2025-04-24,Thursday,Sunny,No,Yes,Yes,No,698,307,143,1078,356,No
2025-04-25,Friday,Windy,No,Yes,Yes,No,923,258,304,392,1124,No
2025-04-26,Saturday,Rainy,No,Yes,Yes,No,476,76,375,384,1158,No
2025-04-27,Sunday,Rainy,No,Yes,Yes,No,995,496,162,779,747,No
2025-04-28,Monday,Windy,Yes,Yes,Yes,Yes,515,65,193,1106,1415,Yes
2025-04-29,Tuesday,Cloudy,No,Yes,Yes,Yes,516,299,359,456,1099,No
2025-04-30,Wednesday,Cloudy,No,Yes,Yes,No,403,246,4,907,299,No
2025-05-01,Thursday,Rainy,Yes,Yes,Yes,No,373,264,85,1121,1486,No
2025-05-02,Friday,Sunny,Yes,Yes,Yes,No,464,308,27,1431,279,No
2025-05-03,Saturday,Windy,Yes,Yes,Yes,No,563,237,376,499,1503,No
2025-05-04,Sunday,Sunny,No,Yes,Yes,Yes,800,55,248,438,752,No
2025-05-05,Monday,Sunny,No,Yes,Yes,No,427,258,149,477,108,No
2025-05-06,Tuesday,Rainy,Yes,Yes,No,Yes,412,178,344,645,767,No
2025-05-07,Wednesday,Rainy,Yes,Yes,Yes,Yes,308,243,16,293,642,No
2025-05-08,Thursday,Rainy,No,Yes,Yes,No,605,64,281,648,74,No
2025-05-09,Friday,Windy,No,Yes,Yes,No,470,377,132,909,5,No
2025-05-10,Saturday,Windy,Yes,Yes,Yes,No,566,20,263,434,1449,No
2025-05-11,Sunday,Rainy,No,Yes,Yes,No,792,482,85,705,1471,No
2025-05-12,Monday,Windy,Yes,Yes,Yes,No,589,356,313,1254,1112,No
2025-05-13,Tuesday,Rainy,Yes,Yes,Yes,No,302,282,128,1353,542,No
2025-05-14,Wednesday,Sunny,No,Yes,Yes,No,584,312,127,716,1424,No
2025-05-15,Thursday,Sunny,No,Yes,Yes,No,475,205,154,1095,1159,No
2025-05-16,Friday,Sunny,Yes,Yes,Yes,No,494,35,45,443,571,No
2025-05-17,Saturday,Windy,No,Yes,Yes,No,313,178,171,215,890,No
2025-05-18,Sunday,Rainy,Yes,No,Yes,Yes,978,66,168,1191,165,No
2025-05-19,Monday,Sunny,Yes,Yes,Yes,No,459,468,232,859,1152,No
2025-05-20,Tuesday,Sunny,Yes,Yes,Yes,No,852,388,381,424,1386,No
2025-05-21,Wednesday,Cloudy,No,Yes,Yes,No,693,333,274,655,1487,No
2025-05-22,Thursday,Rainy,No,Yes,Yes,No,834,44,2,1303,688,No
2025-05-23,Friday,Sunny,No,Yes,Yes,No,368,190,69,737,1394,No
2025-05-24,Saturday,Sunny,No,Yes,Yes,No,795,411,249,573,1826,No
2025-05-25,Sunday,Rainy,No,Yes,Yes,No,628,407,329,837,950,No
2025-05-26,Monday,Cloudy,Yes,No,Yes,No,706,102,223,806,859,No
2025-05-27,Tuesday,Sunny,No,No,No,No,411,65,369,1192,778,No
2025-05-28,Wednesday,Cloudy,No,No,Yes,No,662,479,387,315,817,No
2025-05-29,Thursday,Sunny,Yes,Yes,Yes,No,679,390,195,1377,1334,No
2025-05-30,Friday,Sunny,No,Yes,Yes,Yes,498,250,297,1353,1101,No
2025-05-31,Saturday,Sunny,No,Yes,Yes,Yes,814,285,356,521,488,No
2025-06-01,Sunday,Windy,Yes,Yes,Yes,No,812,499,101,471,638,No
2025-06-02,Monday,Windy,Yes,Yes,Yes,Yes,684,257,189,443,807,No
2025-06-03,Tuesday,Sunny,Yes,Yes,Yes,No,845,465,60,547,1325,No
2025-06-04,Wednesday,Rainy,No,No,Yes,No,755,319,136,830,1553,No
2025-06-05,Thursday,Rainy,No,Yes,Yes,No,300,210,332,1099,1765,No
2025-06-06,Friday,Windy,Yes,Yes,Yes,Yes,329,462,151,919,1953,No
2025-06-07,Saturday,Cloudy,Yes,Yes,Yes,No,569,413,40,1007,1096,No
2025-06-08,Sunday,Sunny,Yes,Yes,Yes,No,916,166,133,1191,1156,No
2025-06-09,Monday,Sunny,Yes,Yes,Yes,Yes,822,417,199,1366,1868,No
2025-06-10,Tuesday,Sunny,Yes,Yes,No,Yes,317,22,106,342,373,No
2025-06-11,Wednesday,Cloudy,No,Yes,Yes,No,831,3,216,524,952,No
2025-06-12,Thursday,Windy,No,Yes,Yes,No,532,450,163,813,1856,No
2025-06-13,Friday,Cloudy,No,Yes,Yes,No,614,443,42,1061,70,No
2025-06-14,Saturday,Cloudy,Yes,Yes,No,No,478,182,317,760,432,No
2025-06-15,Sunday,Rainy,No,Yes,No,Yes,402,137,171,1219,565,No
2025-06-16,Monday,Sunny,No,Yes,Yes,No,654,262,248,469,595,No
2025-06-17,Tuesday,Sunny,No,Yes,Yes,No,667,103,328,992,1866,No
2025-06-18,Wednesday,Sunny,No,Yes,Yes,No,413,261,82,699,836,No
2025-06-19,Thursday,Sunny,Yes,Yes,Yes,No,657,296,195,928,1203,No
2025-06-20,Friday,Windy,No,Yes,Yes,No,317,388,65,577,201,No
2025-06-21,Saturday,Sunny,No,Yes,Yes,No,722,103,141,720,523,No
2025-06-22,Sunday,Cloudy,Yes,Yes,Yes,No,454,405,38,362,1347,No
2025-06-23,Monday,Cloudy,No,Yes,Yes,No,312,26,4,336,106,No
2025-06-24,Tuesday,Windy,No,No,Yes,No,557,416,46,994,1254,No
2025-06-25,Wednesday,Rainy,No,Yes,Yes,No,806,96,75,1440,1995,No
2025-06-26,Thursday,Rainy,No,Yes,Yes,No,909,98,166,569,1866,No
2025-06-27,Friday,Windy,No,Yes,Yes,Yes,855,164,86,920,1608,No
2025-06-28,Saturday,Windy,Yes,Yes,Yes,No,537,205,21,480,1158,No
2025-06-29,Sunday,Rainy,Yes,Yes,Yes,No,609,496,189,1453,841,No
2025-06-30,Monday,Windy,Yes,Yes,Yes,No,753,413,288,1215,1549,No
2025-07-01,Tuesday,Rainy,Yes,Yes,Yes,Yes,913,117,35,1198,1249,No
2025-07-02,Wednesday,Cloudy,No,Yes,Yes,No,748,101,307,743,705,No
2025-07-03,Thursday,Rainy,Yes,Yes,Yes,Yes,926,34,265,603,949,No
2025-07-04,Friday,Sunny,No,Yes,Yes,Yes,959,120,122,1143,928,No
2025-07-05,Saturday,Rainy,Yes,Yes,Yes,Yes,848,259,244,1068,422,No
2025-07-06,Sunday,Cloudy,Yes,Yes,Yes,Yes,464,130,397,682,8,No
2025-07-07,Monday,Cloudy,Yes,Yes,Yes,Yes,824,307,376,567,1868,No
2025-07-08,Tuesday,Windy,No,Yes,Yes,No,820,436,97,799,974,No
2025-07-09,Wednesday,Windy,Yes,Yes,Yes,No,888,380,88,821,1224,No
2025-07-10,Thursday,Rainy,Yes,No,No,No,482,255,294,886,1053,No
2025-07-11,Friday,Rainy,No,Yes,Yes,Yes,344,42,164,478,823,No
2025-07-12,Saturday,Cloudy,No,Yes,Yes,No,823,319,290,349,1108,No
2025-07-13,Sunday,Sunny,No,No,Yes,No,585,136,16,851,422,No
2025-07-14,Monday,Rainy,No,Yes,No,Yes,402,277,28,465,1073,No
2025-07-15,Tuesday,Rainy,Yes,Yes,Yes,No,893,269,356,777,1751,No
2025-07-16,Wednesday,Sunny,No,Yes,Yes,No,535,445,115,713,854,No
2025-07-17,Thursday,Cloudy,Yes,Yes,Yes,Yes,873,82,324,865,371,No
2025-07-18,Friday,Rainy,Yes,Yes,Yes,Yes,328,362,220,555,1139,Yes
2025-07-19,Saturday,Windy,Yes,No,Yes,No,400,477,283,380,1307,No
2025-07-20,Sunday,Cloudy,No,Yes,No,Yes,664,292,225,1397,361,No
2025-07-21,Monday,Windy,Yes,Yes,Yes,Yes,872,491,300,965,1947,No
2025-07-22,Tuesday,Windy,No,Yes,Yes,No,706,211,158,741,1905,No
2025-07-23,Wednesday,Cloudy,No,Yes,Yes,Yes,863,385,374,560,1692,No
2025-07-24,Thursday,Cloudy,Yes,Yes,Yes,No,528,70,34,242,1698,Yes
2025-07-25,Friday,Rainy,Yes,Yes,Yes,No,875,215,13,496,912,No
2025-07-26,Saturday,Rainy,Yes,Yes,Yes,Yes,802,65,129,784,496,No
2025-07-27,Sunday,Windy,Yes,Yes,Yes,No,306,188,175,596,1891,No
2025-07-28,Monday,Rainy,No,Yes,Yes,No,360,308,247,617,1157,No
2025-07-29,Tuesday,Rainy,No,Yes,Yes,Yes,957,436,205,349,767,No
2025-07-30,Wednesday,Sunny,No,Yes,Yes,No,544,50,383,1405,700,No
2025-07-31,Thursday,Cloudy,No,Yes,Yes,Yes,654,305,218,1469,1812,No
2025-08-01,Friday,Windy,Yes,Yes,Yes,No,888,153,93,879,1446,Yes
2025-08-02,Saturday,Rainy,No,Yes,Yes,No,323,407,189,705,1606,No
2025-08-03,Sunday,Sunny,Yes,Yes,Yes,Yes,822,266,328,1402,1344,No
2025-08-04,Monday,Rainy,No,Yes,Yes,No,387,370,63,927,1834,No
2025-08-05,Tuesday,Sunny,No,Yes,Yes,Yes,726,62,251,222,404,No
2025-08-06,Wednesday,Rainy,Yes,Yes,Yes,No,641,384,106,1378,414,No
2025-08-07,Thursday,Sunny,Yes,Yes,Yes,No,715,415,334,1367,1229,No
2025-08-08,Friday,Windy,Yes,Yes,Yes,Yes,720,463,5,935,494,No
2025-08-09,Saturday,Sunny,No,Yes,Yes,No,330,328,251,960,1371,No
2025-08-10,Sunday,Sunny,No,No,Yes,No,992,43,82,265,1825,No
2025-08-11,Monday,Rainy,No,Yes,Yes,No,372,224,238,697,775,No
2025-08-12,Tuesday,Cloudy,No,No,Yes,No,615,96,222,1088,1510,No
2025-08-13,Wednesday,Sunny,Yes,Yes,Yes,Yes,650,170,74,447,1220,No
2025-08-14,Thursday,Rainy,No,Yes,No,No,600,7,368,1037,610,No
2025-08-15,Friday,Rainy,Yes,Yes,Yes,No,847,11,314,314,172,No
2025-08-16,Saturday,Cloudy,No,Yes,Yes,Yes,801,81,18,1416,1536,No
2025-08-17,Sunday,Sunny,Yes,No,Yes,No,383,244,328,695,887,No
2025-08-18,Monday,Windy,Yes,Yes,Yes,No,585,176,39,1211,1642,No
2025-08-19,Tuesday,Rainy,No,Yes,Yes,No,600,115,53,398,1201,No
2025-08-20,Wednesday,Rainy,No,Yes,Yes,No,454,113,142,894,570,No
2025-08-21,Thursday,Sunny,No,Yes,Yes,No,655,125,173,1019,1117,No
2025-08-22,Friday,Rainy,Yes,Yes,Yes,No,932,350,216,334,1273,No
2025-08-23,Saturday,Sunny,No,Yes,Yes,Yes,379,110,8,960,934,No
2025-08-24,Sunday,Windy,Yes,No,Yes,No,695,236,291,1186,1570,No
2025-08-25,Monday,Sunny,Yes,Yes,Yes,No,643,434,263,646,1378,No
2025-08-26,Tuesday,Windy,No,Yes,Yes,No,846,41,115,1035,774,No
2025-08-27,Wednesday,Sunny,No,Yes,Yes,No,808,334,52,284,1655,No
2025-08-28,Thursday,Sunny,No,Yes,Yes,No,918,295,365,1022,1800,No
2025-08-29,Friday,Windy,Yes,Yes,Yes,No,447,61,387,511,1169,No
2025-08-30,Saturday,Sunny,Yes,Yes,Yes,No,952,253,49,524,623,No
2025-08-31,Sunday,Sunny,Yes,Yes,Yes,Yes,439,449,189,516,1102,Yes
2025-09-01,Monday,Sunny,Yes,Yes,Yes,No,302,74,286,881,1157,Yes
2025-09-02,Tuesday,Cloudy,Yes,Yes,Yes,Yes,524,145,213,1155,1646,No
2025-09-03,Wednesday,Cloudy,No,No,Yes,No,850,140,370,777,589,No
2025-09-04,Thursday,Sunny,No,Yes,Yes,Yes,931,404,107,769,1015,No
2025-09-05,Friday,Sunny,No,Yes,Yes,No,492,337,272,1273,159,No
2025-09-06,Saturday,Rainy,No,Yes,Yes,No,541,406,243,802,104,No
2025-09-07,Sunday,Windy,Yes,Yes,Yes,No,447,273,365,232,1662,No
2025-09-08,Monday,Cloudy,No,Yes,Yes,No,338,467,360,762,123,No
2025-09-09,Tuesday,Cloudy,No,Yes,Yes,No,686,320,203,989,527,No
2025-09-10,Wednesday,Rainy,Yes,Yes,Yes,No,544,164,67,251,1335,No
2025-09-11,Thursday,Sunny,No,Yes,Yes,Yes,513,496,223,1215,756,No
2025-09-12,Friday,Sunny,No,Yes,Yes,No,376,20,50,916,1827,No
2025-09-13,Saturday,Rainy,No,Yes,Yes,No,921,377,357,508,867,No
2025-09-14,Sunday,Rainy,Yes,Yes,Yes,No,724,462,379,495,1781,No
2025-09-15,Monday,Rainy,No,Yes,Yes,No,800,195,73,744,1309,No
2025-09-16,Tuesday,Sunny,No,Yes,Yes,No,548,188,305,1203,814,No
2025-09-17,Wednesday,Cloudy,No,Yes,Yes,No,773,111,159,471,247,No
2025-09-18,Thursday,Rainy,No,Yes,Yes,No,494,118,87,1483,1004,No
2025-09-19,Friday,Rainy,Yes,Yes,Yes,Yes,658,165,42,824,578,No
2025-09-20,Saturday,Sunny,No,Yes,Yes,No,964,477,365,1104,243,No
2025-09-21,Sunday,Sunny,No,Yes,Yes,No,528,150,210,887,736,No
2025-09-22,Monday,Rainy,Yes,No,Yes,Yes,591,99,71,828,807,No
2025-09-23,Tuesday,Rainy,No,Yes,Yes,No,693,248,137,1008,1373,No
2025-09-24,Wednesday,Rainy,Yes,Yes,Yes,Yes,674,361,323,1095,1870,No
2025-09-25,Thursday,Rainy,No,Yes,Yes,No,375,116,277,1320,2000,No
2025-09-26,Friday,Cloudy,No,Yes,Yes,No,608,35,66,626,241,No
2025-09-27,Saturday,Rainy,No,Yes,Yes,No,300,442,93,693,692,No
2025-09-28,Sunday,Rainy,Yes,Yes,Yes,No,931,295,212,330,78,No
2025-09-29,Monday,Sunny,No,Yes,Yes,No,634,93,112,710,83,No
2025-09-30,Tuesday,Cloudy,No,Yes,Yes,No,819,371,45,1042,1802,No
2025-10-01,Wednesday,Windy,No,Yes,No,Yes,946,343,339,676,590,No
2025-10-02,Thursday,Sunny,No,Yes,Yes,No,856,381,233,909,1465,No
2025-10-03,Friday,Sunny,Yes,Yes,Yes,No,495,194,191,1499,1957,No
2025-10-04,Saturday,Sunny,No,Yes,Yes,No,901,323,19,1477,311,No
2025-10-05,Sunday,Rainy,Yes,Yes,Yes,No,599,205,276,377,444,No
2025-10-06,Monday,Rainy,No,Yes,Yes,No,636,155,361,741,752,No
2025-10-07,Tuesday,Windy,Yes,Yes,No,No,652,307,106,839,1668,No
2025-10-08,Wednesday,Sunny,No,Yes,Yes,No,382,4,329,458,1160,No
2025-10-09,Thursday,Sunny,No,Yes,Yes,No,519,313,27,934,900,No
2025-10-10,Friday,Cloudy,No,Yes,Yes,No,850,159,358,200,809,No
2025-10-11,Saturday,Cloudy,Yes,Yes,Yes,No,721,267,117,822,1014,No
2025-10-12,Sunday,Cloudy,Yes,No,Yes,Yes,894,478,216,308,939,No
2025-10-13,Monday,Windy,No,Yes,Yes,No,332,147,134,223,659,No
2025-10-14,Tuesday,Cloudy,No,Yes,Yes,No,964,160,26,732,1875,No
2025-10-15,Wednesday,Rainy,No,Yes,Yes,No,585,285,212,443,986,No
2025-10-16,Thursday,Rainy,No,Yes,Yes,No,800,288,171,1219,986,No
2025-10-17,Friday,Windy,Yes,Yes,Yes,Yes,476,275,272,1080,339,No
2025-10-18,Saturday,Sunny,Yes,Yes,No,No,916,283,187,351,1049,No
2025-10-19,Sunday,Rainy,Yes,Yes,Yes,No,607,5,283,495,1604,No
2025-10-20,Monday,Cloudy,No,No,Yes,No,793,387,289,549,342,No
2025-10-21,Tuesday,Sunny,No,Yes,Yes,Yes,731,451,356,341,734,No
2025-10-22,Wednesday,Windy,Yes,Yes,Yes,No,539,430,287,853,655,No
2025-10-23,Thursday,Windy,Yes,Yes,Yes,No,705,64,227,1121,1898,No
2025-10-24,Friday,Cloudy,No,Yes,Yes,No,507,60,147,281,890,No
2025-10-25,Saturday,Cloudy,Yes,Yes,Yes,No,495,361,5,609,44,No
2025-10-26,Sunday,Windy,Yes,Yes,Yes,No,503,257,64,582,1770,No
2025-10-27,Monday,Rainy,Yes,Yes,Yes,No,618,413,161,972,1946,No
2025-10-28,Tuesday,Rainy,No,Yes,Yes,No,664,376,256,1500,1101,No
2025-10-29,Wednesday,Cloudy,No,Yes,Yes,No,310,219,174,455,1539,No
2025-10-30,Thursday,Cloudy,No,Yes,Yes,No,598,67,363,226,692,No
2025-10-31,Friday,Sunny,Yes,Yes,No,No,730,425,139,964,965,No
2025-11-01,Saturday,Cloudy,Yes,Yes,Yes,No,480,433,237,206,151,No
2025-11-02,Sunday,Rainy,No,Yes,Yes,No,456,299,154,688,812,No
2025-11-03,Monday,Windy,Yes,Yes,Yes,No,983,201,398,1004,1137,Yes
2025-11-04,Tuesday,Sunny,Yes,No,Yes,Yes,969,9,47,977,451,No
2025-11-05,Wednesday,Windy,Yes,Yes,Yes,No,857,273,219,627,119,No
2025-11-06,Thursday,Sunny,No,Yes,Yes,No,595,127,359,846,1361,No
2025-11-07,Friday,Windy,Yes,No,Yes,No,749,115,220,384,719,No
2025-11-08,Saturday,Sunny,No,Yes,Yes,No,737,445,12,796,945,No
2025-11-09,Sunday,Windy,No,Yes,Yes,Yes,720,326,150,654,1632,No
2025-11-10,Monday,Rainy,Yes,Yes,Yes,Yes,655,153,303,760,692,No
2025-11-11,Tuesday,Cloudy,No,Yes,Yes,No,983,206,124,294,614,No
2025-11-12,Wednesday,Rainy,Yes,Yes,Yes,No,450,457,387,273,1477,No
2025-11-13,Thursday,Windy,No,Yes,Yes,Yes,807,427,319,1246,1469,No
2025-11-14,Friday,Sunny,Yes,Yes,Yes,No,634,436,387,672,1003,No
2025-11-15,Saturday,Rainy,Yes,Yes,Yes,No,318,10,117,1207,1993,No
2025-11-16,Sunday,Sunny,No,Yes,Yes,No,553,203,38,1374,972,No
2025-11-17,Monday,Sunny,Yes,Yes,Yes,No,881,477,206,248,1680,No
2025-11-18,Tuesday,Sunny,Yes,Yes,Yes,No,940,348,101,814,987,No
2025-11-19,Wednesday,Sunny,Yes,Yes,Yes,No,712,398,205,773,1104,No
2025-11-20,Thursday,Windy,No,Yes,Yes,No,836,375,374,749,202,No
2025-11-21,Friday,Sunny,No,Yes,Yes,No,377,42,136,975,1254,No
2025-11-22,Saturday,Cloudy,No,Yes,Yes,Yes,385,102,362,1173,831,No
2025-11-23,Sunday,Windy,Yes,Yes,Yes,No,643,335,391,1423,1060,No
2025-11-24,Monday,Sunny,No,No,Yes,Yes,671,36,293,1269,594,No
2025-11-25,Tuesday,Rainy,Yes,Yes,Yes,No,606,41,91,1357,1379,No
2025-11-26,Wednesday,Rainy,No,Yes,Yes,Yes,619,360,33,352,539,No
2025-11-27,Thursday,Rainy,Yes,Yes,Yes,No,591,499,63,907,243,No
2025-11-28,Friday,Rainy,Yes,Yes,Yes,Yes,990,290,233,290,1936,No
2025-11-29,Saturday,Windy,No,Yes,Yes,Yes,643,5,108,548,527,No
2025-11-30,Sunday,Sunny,No,Yes,Yes,No,406,447,358,205,621,No
2025-12-01,Monday,Windy,Yes,Yes,Yes,No,803,487,283,912,1682,No
2025-12-02,Tuesday,Windy,Yes,Yes,Yes,No,849,277,149,565,1520,No
2025-12-03,Wednesday,Sunny,Yes,Yes,Yes,No,804,166,47,1036,906,No
2025-12-04,Thursday,Cloudy,No,Yes,Yes,Yes,554,402,293,545,581,No
2025-12-05,Friday,Sunny,Yes,No,Yes,No,985,102,197,322,20,No
2025-12-06,Saturday,Sunny,Yes,Yes,Yes,No,999,245,4,1311,1520,No
2025-12-07,Sunday,Windy,Yes,Yes,Yes,No,985,420,128,873,1498,No
2025-12-08,Monday,Rainy,Yes,Yes,Yes,Yes,985,341,383,1308,1771,No
2025-12-09,Tuesday,Windy,No,Yes,Yes,No,761,220,182,740,379,No
2025-12-10,Wednesday,Windy,No,Yes,Yes,No,982,237,295,741,1670,No
2025-12-11,Thursday,Rainy,No,Yes,Yes,Yes,964,231,145,221,998,No
2025-12-12,Friday,Cloudy,Yes,Yes,Yes,Yes,421,428,159,205,317,Yes
2025-12-13,Saturday,Rainy,No,Yes,Yes,No,751,323,393,756,1444,No
2025-12-14,Sunday,Cloudy,No,Yes,Yes,No,644,486,92,1438,903,No
2025-12-15,Monday,Sunny,Yes,Yes,Yes,No,971,420,46,203,1771,No
2025-12-16,Tuesday,Windy,Yes,Yes,Yes,Yes,893,105,355,274,1712,No
2025-12-17,Wednesday,Rainy,Yes,Yes,Yes,No,468,263,275,1370,1233,No
2025-12-18,Thursday,Windy,Yes,Yes,Yes,Yes,367,392,381,247,1484,No
2025-12-19,Friday,Sunny,No,Yes,Yes,No,504,196,216,760,645,No
2025-12-20,Saturday,Sunny,Yes,No,Yes,No,641,336,399,761,1295,No
2025-12-21,Sunday,Windy,Yes,Yes,Yes,Yes,601,434,306,766,341,No
2025-12-22,Monday,Windy,Yes,Yes,Yes,No,415,304,329,294,340,No
2025-12-23,Tuesday,Rainy,No,Yes,Yes,Yes,598,105,88,269,1492,No
2025-12-24,Wednesday,Cloudy,Yes,Yes,No,No,449,338,299,1485,801,No
2025-12-25,Thursday,Windy,Yes,Yes,Yes,No,765,467,326,1349,62,No
2025-12-26,Friday,Windy,No,Yes,Yes,No,499,239,76,1035,628,No
2025-12-27,Saturday,Cloudy,Yes,Yes,Yes,Yes,618,14,380,718,1223,No
2025-12-28,Sunday,Cloudy,Yes,Yes,Yes,No,602,259,227,914,291,No
2025-12-29,Monday,Rainy,No,Yes,Yes,No,675,209,3,728,1263,No
2025-12-30,Tuesday,Windy,Yes,Yes,Yes,No,524,309,88,924,1733,No
2025-12-31,Wednesday,Windy,No,Yes,No,No,736,300,271,1014,1777,Yes
2026-01-01,Thursday,Sunny,Yes,Yes,Yes,No,974,213,242,961,755,No
2026-01-02,Friday,Sunny,Yes,Yes,Yes,No,845,73,384,252,1201,No
2026-01-03,Saturday,Rainy,No,Yes,Yes,No,787,499,97,746,1580,No
2026-01-04,Sunday,Cloudy,Yes,Yes,Yes,No,346,32,230,946,1529,No
2026-01-05,Monday,Cloudy,Yes,Yes,Yes,No,830,131,181,1325,187,No
2026-01-06,Tuesday,Windy,No,Yes,Yes,No,712,258,18,645,1470,No
2026-01-07,Wednesday,Windy,Yes,No,Yes,No,396,427,131,927,770,No
2026-01-08,Thursday,Cloudy,Yes,Yes,Yes,No,714,446,9,892,1931,No
2026-01-09,Friday,Cloudy,Yes,Yes,Yes,No,685,495,78,1148,857,Yes
2026-01-10,Saturday,Windy,Yes,Yes,Yes,Yes,930,308,74,919,1473,No
2026-01-11,Sunday,Cloudy,No,Yes,Yes,Yes,552,384,250,396,939,No
2026-01-12,Monday,Sunny,No,Yes,Yes,No,867,236,24,1293,930,Yes
2026-01-13,Tuesday,Rainy,No,Yes,Yes,No,804,352,212,566,1259,No
2026-01-14,Wednesday,Windy,No,Yes,Yes,No,859,398,249,1069,34,No
2026-01-15,Thursday,Cloudy,No,Yes,Yes,No,621,421,177,920,773,No
2026-01-16,Friday,Windy,Yes,Yes,Yes,No,386,335,105,295,1164,No
2026-01-17,Saturday,Rainy,Yes,Yes,Yes,No,748,113,290,1201,474,No
2026-01-18,Sunday,Rainy,Yes,Yes,Yes,No,876,239,66,248,1380,Yes
2026-01-19,Monday,Sunny,No,Yes,Yes,No,992,417,369,1359,1963,No
2026-01-20,Tuesday,Rainy,Yes,Yes,Yes,No,801,363,241,1096,264,No
2026-01-21,Wednesday,Rainy,No,Yes,Yes,Yes,922,142,265,1261,169,No
2026-01-22,Thursday,Windy,No,Yes,Yes,No,587,44,118,409,518,No
2026-01-23,Friday,Rainy,Yes,Yes,Yes,No,475,285,345,826,208,No
2026-01-24,Saturday,Rainy,No,Yes,Yes,Yes,713,382,254,1292,1720,No
2026-01-25,Sunday,Windy,Yes,Yes,Yes,No,933,188,310,978,1457,No
2026-01-26,Monday,Sunny,No,No,Yes,No,498,9,207,530,1544,No
2026-01-27,Tuesday,Windy,Yes,Yes,Yes,No,427,432,214,843,1150,No
2026-01-28,Wednesday,Sunny,Yes,Yes,Yes,No,493,154,380,686,107,No
2026-01-29,Thursday,Sunny,Yes,Yes,Yes,Yes,459,153,56,1089,935,No
2026-01-30,Friday,Sunny,No,Yes,Yes,No,609,392,303,1339,502,No
2026-01-31,Saturday,Rainy,Yes,Yes,Yes,No,675,493,333,1072,1907,No
2026-02-01,Sunday,Windy,Yes,No,Yes,No,840,213,381,317,1683,No
2026-02-02,Monday,Windy,Yes,No,Yes,No,463,398,2,380,1156,No
2026-02-03,Tuesday,Cloudy,Yes,Yes,Yes,Yes,926,7,265,1471,1884,No
2026-02-04,Wednesday,Sunny,Yes,Yes,Yes,No,343,145,12,831,63,No
